{
  "sensor_2": [
    642.6809335466046,
    0.5000532700606232
  ],
  "sensor_3": [
    1590.5231186079204,
    6.131149519690819
  ],
  "sensor_4": [
    1408.9337816877514,
    9.000604780543714
  ],
  "sensor_6": [
    21.60980320876352,
    0.0013889849127073112
  ],
  "sensor_7": [
    553.367711211284,
    0.8850922576634073
  ],
  "sensor_8": [
    2388.0966516407348,
    0.07098547889092417
  ],
  "sensor_9": [
    9065.242940720276,
    22.082879525066232
  ],
  "sensor_11": [
    47.54116814502448,
    0.2670873986396848
  ],
  "sensor_12": [
    521.4134700208425,
    0.7375533922097114
  ],
  "sensor_13": [
    2388.0961523920314,
    0.07191891569857813
  ],
  "sensor_14": [
    8143.752722117202,
    19.07617597595311
  ],
  "sensor_15": [
    8.44214558189133,
    0.03750503795196652
  ],
  "sensor_17": [
    393.2106538703892,
    1.5487630246142987
  ],
  "sensor_20": [
    38.816270660656286,
    0.18074642787366085
  ],
  "sensor_21": [
    23.289705360864716,
    0.10825087474491234
  ]
}