{
  "sensor_2": [
    642.6666373614953,
    0.40634304807695787
  ],
  "sensor_3": [
    1590.346958649342,
    4.812255705532376
  ],
  "sensor_4": [
    1408.6355120609396,
    7.982846945426115
  ],
  "sensor_6": [
    21.609797553843016,
    0.0007051457260720169
  ],
  "sensor_7": [
    553.3959108615668,
    0.7829987021210684
  ],
  "sensor_8": [
    2388.094667397649,
    0.06373603162044153
  ],
  "sensor_9": [
    9064.770089145182,
    20.698444643140185
  ],
  "sensor_11": [
    47.532157330563635,
    0.24349499052855858
  ],
  "sensor_12": [
    521.4370054313116,
    0.6654118328724261
  ],
  "sensor_13": [
    2388.094118455435,
    0.06459845423469697
  ],
  "sensor_14": [
    8143.422411485339,
    17.966163074046243
  ],
  "sensor_15": [
    8.44100787620755,
    0.03182714239735315
  ],
  "sensor_17": [
    393.16377517845416,
    1.2514995542142375
  ],
  "sensor_20": [
    38.82184437431602,
    0.15138146230343508
  ],
  "sensor_21": [
    23.29301629894999,
    0.0909183835311118
  ]
}