{
  "sensor_1": 1.0,
  "sensor_2": 0.008328868540256197,
  "sensor_3": 0.0009254298378062443,
  "sensor_4": 0.0007306025035312455,
  "sensor_5": 1.0,
  "sensor_6": 0.964395304661244,
  "sensor_7": 0.007354731868881204,
  "sensor_8": 0.09293263844917442,
  "sensor_9": 0.00038965466854999755,
  "sensor_10": 1.0,
  "sensor_11": 0.026934878963518583,
  "sensor_12": 0.008572402708099947,
  "sensor_13": 0.09015634893575569,
  "sensor_14": 0.0006818956699624957,
  "sensor_15": 0.001120257172081243,
  "sensor_16": 1.0,
  "sensor_17": 0.2990112512785544,
  "sensor_18": 1.0,
  "sensor_19": 1.0,
  "sensor_20": 0.027373240465637327,
  "sensor_21": 0.0005357751692562467
}